Workbook

Sheet FORM-PR-051
A1: #VALUE! | C1: SISTEMA DE GESTÃO DA QUALIDADE | Y1: RO-PR-051
C3: RDR - RELATÓRIO DIÁRIO DE RECEBIMENTO - OUTUBRO 2025 | Y3: Rev. 05
A5: DESCRIÇÃO DO PRODUTO | I5: CRITÉRIO DE ACEITAÇÃO | L5: METROLOGIA | M5: CHECKLIST | W5: STATUS | Z5: RESPONSÁVEL
A6: DATA DA INSPEÇÃO | B6: FORNECEDOR | C6: DESCRIÇÃO | D6: QUANTIDADE | E6: NOTA FISCAL | F6: PEDIDO DE COMPRA + ITEM | G6: CORRIDA / RASTREAB. | H6: CERTIFICADO / RELAT. DIMENSIONAL | I6: PLANO DE CONTROLE | J6: MATERIAL (COMPONENTES CRÍTICOS) | K6: ESPECIFICAÇÃO DA ENGENHARIA | L6: INSTRUMENTO DE MEDIÇÃO | M6: ANÁLISE DE CERTIFICADO | N6: VISUAL | O6: IDENTIFICAÇÃO E RASTREAB. | P6: DIMENSIONAL | Q6: DUREZA (SH A) | R6: ID.LIGAS | S6: DUREZA TRAT. TÉRM. | T6: RANHURA (MSS-SP 6) | U6: 18-21 FIOS POR 1cm | V6: RUGOSIDADE E ACABAMENTO | W6: PEÇAS APROVADAS | X6: PEÇAS REPROVADAS | Y6: Nº RPNC | Z6: INSPETOR
A7: 45931 | B7: MARS | C7: BN USI NP CPL 8 FN (FURO LISO) | D7: 01 | E7: 000005548 | F7: 113600-18 | G7: 232/25 | H7: 290913 | I7: PC-NP-001 | J7: FN 65-45-12 | K7: =VLOOKUP(J7,DADOS!$A$3:$B$105,2,FALSE) -> EE-GI-001-008 | L7: IM0023/SE-014 | M7: TRUE | N7: TRUE | O7: TRUE | P7: TRUE | Q7: FALSE | R7: FALSE | S7: FALSE | T7: FALSE | U7: FALSE | V7: TRUE | W7: - | X7: 01 | Y7: 2025-0977 | Z7: PAULO
A8: 45931 | B8: MARS | C8: BN USI RFR CORPO WAFER DN-500 FN S1 | D8: 04 | E8: 000005545 | F8: 113851-06 | G8: C541 e C542 | I8: PC-RFR-001 | J8: FN 65-45-12 | K8: =VLOOKUP(J8,DADOS!$A$3:$B$105,2,FALSE) -> EE-GI-001-008 | L8: IM0023/SE-014 | M8: TRUE | N8: TRUE | O8: TRUE | P8: TRUE | Q8: FALSE | R8: FALSE | S8: FALSE | T8: TRUE | U8: TRUE | V8: TRUE | W8: - | X8: 04 | Y8: 2025-0978 | Z8: PAULO
A9: 45931 | B9: MARS | C9: BN USI RFR CORPO WAFER DN-500 FN S1 | D9: 04 | E9: 000005545 | F9: 113851-07 | G9: C541 e C542 | I9: PC-RFR-001 | J9: FN 65-45-12 | K9: =VLOOKUP(J9,DADOS!$A$3:$B$105,2,FALSE) -> EE-GI-001-008 | L9: IM0023/SE-014 | M9: TRUE | N9: TRUE | O9: TRUE | P9: TRUE | Q9: FALSE | R9: FALSE | S9: FALSE | T9: TRUE | U9: TRUE | V9: TRUE | W9: - | X9: 04 | Y9: 2025-0978 | Z9: PAULO
A10: 45931 | B10: MARS | C10: BN USI RFR CORPO WAFER DN-500 FN S1 | D10: 01 | E10: 000005545 | F10: 113851-08 | G10: C542 | I10: PC-RFR-001 | J10: FN 65-45-12 | K10: =VLOOKUP(J10,DADOS!$A$3:$B$105,2,FALSE) -> EE-GI-001-008 | L10: IM0023/SE-014 | M10: TRUE | N10: TRUE | O10: TRUE | P10: TRUE | Q10: FALSE | R10: FALSE | S10: FALSE | T10: TRUE | U10: TRUE | V10: TRUE | W10: - | X10: 01 | Y10: 2025-0978 | Z10: PAULO
A11: 45931 | B11: MARS | C11: BN USI NP CPL 6 FN (FURO LISO) | D11: 01 | E11: 000005543 | F11: 113600-15 | G11: 231/25 | H11: 290910 | I11: PC-NP-001 | J11: FN 65-45-12 | K11: =VLOOKUP(J11,DADOS!$A$3:$B$105,2,FALSE) -> EE-GI-001-008 | L11: IM0023/SE-014 | M11: TRUE | N11: TRUE | O11: TRUE | P11: TRUE | Q11: FALSE | R11: FALSE | S11: FALSE | T11: FALSE | U11: FALSE | V11: TRUE | W11: 01 | X11: - | Y11: - | Z11: PAULO
A12: 45931 | B12: MARS | C12: BN USI NP CPL 6 FN (FURO LISO) | D12: 16 | E12: 000005543 | F12: 113600-16 | G12: 231/25 | H12: 290910 | I12: PC-NP-001 | J12: FN 65-45-12 | K12: =VLOOKUP(J12,DADOS!$A$3:$B$105,2,FALSE) -> EE-GI-001-008 | L12: IM0023/SE-014 | M12: TRUE | N12: TRUE | O12: TRUE | P12: TRUE | Q12: FALSE | R12: FALSE | S12: FALSE | T12: FALSE | U12: FALSE | V12: TRUE | W12: 19 | X12: - | Y12: - | Z12: PAULO
A13: 45931 | B13: MARS | C13: BN USI NP CPL 6 FN (FURO LISO) | D13: 19 | E13: 000005543 | F13: 113600-17 | G13: 231/25 | H13: 290910 | I13: PC-NP-001 | J13: FN 65-45-12 | K13: =VLOOKUP(J13,DADOS!$A$3:$B$105,2,FALSE) -> EE-GI-001-008 | L13: IM0023/SE-014 | M13: TRUE | N13: TRUE | O13: TRUE | P13: TRUE | Q13: FALSE | R13: FALSE | S13: FALSE | T13: FALSE | U13: FALSE | V13: TRUE | W13: 16 | X13: - | Y13: - | Z13: PAULO
A14: 45931 | B14: MARS | C14: BC USI RL2 CPW 4" 150PSI CF8 | D14: 09 | E14: 000005550 | F14: 112066-01 | G14: 02072501 e 250425A1 | H14: 290909 | I14: PC-RL2-001 | J14: CF8 | K14: =VLOOKUP(J14,DADOS!$A$3:$B$105,2,FALSE) -> EE-GI-001-003 | L14: SE-014 | M14: TRUE | N14: TRUE | O14: TRUE | P14: TRUE | Q14: FALSE | R14: TRUE | S14: FALSE | T14: TRUE | U14: TRUE | V14: TRUE | W14: 09 | X14: - | Y14: - | Z14: PAULO
A15: 45931 | B15: MARS | C15: BC USI RL2 CPW 4" 150PSI CF8 | D15: 12 | E15: 000005550 | F15: 113732-01 | G15: 02072501, 250425A1 e 10022501 | H15: 290909 | I15: PC-RL2-001 | J15: CF8 | K15: =VLOOKUP(J15,DADOS!$A$3:$B$105,2,FALSE) -> EE-GI-001-003 | L15: SE-014 | M15: TRUE | N15: TRUE | O15: TRUE | P15: TRUE | Q15: FALSE | R15: TRUE | S15: FALSE | T15: TRUE | U15: TRUE | V15: TRUE | W15: 12 | X15: - | Y15: - | Z15: PAULO
A16: 45931 | B16: ILHA GRANDE | C16: WD DISCO 10 IN PN10 | D16: 04 | E16: 000025332 | F16: 114146-01 | G16: 07082501 | H16: 14734 | I16: PC-WD-001 | J16: CF8M | K16: =VLOOKUP(J16,DADOS!$A$3:$B$105,2,FALSE) -> EE-GI-001-002 | L16: SE-014 | M16: TRUE | N16: TRUE | O16: TRUE | P16: TRUE | Q16: FALSE | R16: TRUE | S16: FALSE | T16: FALSE | U16: FALSE | V16: FALSE | W16: 04 | X16: - | Y16: - | Z16: PAULO
A17: 45931 | B17: ILHA GRANDE | C17: NE DC 12" CF8M BRT | D17: 07 | E17: 000025334 | F17: 114497-04 | G17: 07082501 | H17: 14736 | I17: PC-NE-001 | J17: CF8M | K17: =VLOOKUP(J17,DADOS!$A$3:$B$105,2,FALSE) -> EE-GI-001-002 | L17: IM0023/SE-014 | M17: TRUE | N17: TRUE | O17: TRUE | P17: TRUE | Q17: FALSE | R17: TRUE | S17: FALSE | T17: FALSE | U17: FALSE | V17: FALSE | W17: 07 | X17: - | Y17: - | Z17: PAULO
A18: 45931 | B18: ILHA GRANDE | C18: NE DC 12" CF8M BRT | D18: 01 | E18: 000025335 | F18: 114661-01 | G18: 07082501 | H18: 14744 | I18: PC-NE-001 | J18: CF8M | K18: =VLOOKUP(J18,DADOS!$A$3:$B$105,2,FALSE) -> EE-GI-001-002 | L18: IM0023/SE-014 | M18: TRUE | N18: TRUE | O18: TRUE | P18: TRUE | Q18: FALSE | R18: TRUE | S18: FALSE | T18: FALSE | U18: FALSE | V18: FALSE | W18: 01 | X18: - | Y18: - | Z18: PAULO
A19: 45931 | B19: ILHA GRANDE | C19: NE DC 10" BRT CF8M | D19: 21 | E19: 000025331 | F19: 113888-01 | G19: 12082501 | H19: 14733 | I19: PC-NE-001 | J19: CF8M | K19: =VLOOKUP(J19,DADOS!$A$3:$B$105,2,FALSE) -> EE-GI-001-002 | L19: SE-014 | M19: TRUE | N19: TRUE | O19: TRUE | P19: TRUE | Q19: FALSE | R19: TRUE | S19: FALSE | T19: FALSE | U19: FALSE | V19: FALSE | W19: 21 | X19: - | Y19: - | Z19: PAULO
A20: 45931 | B20: ILHA GRANDE | C20: NE DC 10" BRT CF8M | D20: 04 | E20: 000025331 | F20: 113888-02 | G20: 12082501 | H20: 14733 | I20: PC-NE-001 | J20: CF8M | K20: =VLOOKUP(J20,DADOS!$A$3:$B$105,2,FALSE) -> EE-GI-001-002 | L20: SE-014 | M20: TRUE | N20: TRUE | O20: TRUE | P20: TRUE | Q20: FALSE | R20: TRUE | S20: FALSE | T20: FALSE | U20: FALSE | V20: FALSE | W20: 04 | X20: - | Y20: - | Z20: PAULO
A21: 45931 | B21: ILHA GRANDE | C21: NE DC 8" BRT CF8M | D21: 71 | E21: 000025331 | F21: 113888-03 | G21: 12082501 | H21: 14731 | I21: PC-NE-001 | J21: CF8M | K21: =VLOOKUP(J21,DADOS!$A$3:$B$105,2,FALSE) -> EE-GI-001-002 | L21: SE-014 | M21: TRUE | N21: TRUE | O21: TRUE | P21: TRUE | Q21: FALSE | R21: TRUE | S21: FALSE | T21: FALSE | U21: FALSE | V21: FALSE | W21: 71 | X21: - | Y21: - | Z21: PAULO
A22: 45931 | B22: ILHA GRANDE | C22: NE DISCO BRT 8" 250PSI CF8M | D22: 01 | E22: 000025341 | F22: 114601-01 | G22: 22072501 | H22: 14737 | I22: PC-NE-001 | J22: CF8M | K22: =VLOOKUP(J22,DADOS!$A$3:$B$105,2,FALSE) -> EE-GI-001-002 | L22: SE-014 | M22: TRUE | N22: TRUE | O22: TRUE | P22: TRUE | Q22: FALSE | R22: TRUE | S22: FALSE | T22: FALSE | U22: FALSE | V22: FALSE | W22: 01 | X22: - | Y22: - | Z22: PAULO
... A34: 45932 | B34: FUNDIÇÃO MUNDIAL | C34: RK DISCO BRT 30" 150# WCB | D34: 01 | E34: 000018104 | F34: 114208-02 | G34: 5355 | H34: 1323/2025 | I34: PC-RK-001 | J34: WCB | K34: =VLOOKUP(J34,DADOS!$A$3:$B$105,2,FALSE) -> EE-GI-001-001 | L34: IM0035/SE-014 | M34: TRUE | N34: TRUE | O34: TRUE | P34: TRUE | Q34: FALSE | R34: FALSE | S34: FALSE | T34: FALSE | U34: FALSE | V34: FALSE | W34: 01 | X34: - | Y34: - | Z34: PAULO
A35: 45932 | B35: R A DISTRIBUIDORA | C35: WD CPW BRT 22" PN10 FN | D35: 02 | E35: 000000605 | F35: 112934-03 | G35: C636 | I35: PC-WD-001 | J35: FN 65-45-12 | K35: =VLOOKUP(J35,DADOS!$A$3:$B$105,2,FALSE) -> EE-GI-001-008 | L35: IM0023/SE-014 | M35: TRUE | N35: TRUE | O35: TRUE | P35: TRUE | Q35: FALSE | R35: FALSE | S35: FALSE | T35: FALSE | U35: FALSE | V35: FALSE | W35: 02 | X35: - | Y35: - | Z35: PAULO
A36: 45932 | B36: R A DISTRIBUIDORA | C36: WD CPW BRT 22" PN10 FN | D36: 04 | E36: 000000605 | F36: 112934-04 | G36: C636 | I36: PC-WD-001 | J36: FN 65-45-12 | K36: =VLOOKUP(J36,DADOS!$A$3:$B$105,2,FALSE) -> EE-GI-001-008 | L36: IM0023/SE-014 | M36: TRUE | N36: TRUE | O36: TRUE | P36: TRUE | Q36: FALSE | R36: FALSE | S36: FALSE | T36: FALSE | U36: FALSE | V36: FALSE | W36: 04 | X36: - | Y36: - | Z36: PAULO
A37: 45932 | B37: ALISSON | C37: BN USI NP HS 10 IN 410 | D37: 08 | E37: 000000707 | F37: 113907-05 | G37: CA572 | H37: 707 | I37: PC-NP-001 | J37: 410 Condição A | K37: =VLOOKUP(J37,DADOS!$A$3:$B$105,2,FALSE) -> EE-GI-001-007 | L37: SE-014 | M37: TRUE | N37: TRUE | O37: TRUE | P37: TRUE | Q37: FALSE | R37: TRUE | S37: FALSE | T37: FALSE | U37: FALSE | V37: TRUE | W37: 08 | X37: - | Y37: - | Z37: PAULO
A38: 45932 | B38: ALISSON | C38: BN USI NE HS ESP SUP 5-6 410 2D PADRÃO KEYSTONE | D38: 10 | E38: 000000707 | F38: 114656-02 | G38: CA599 | H38: 707 | I38: PC-NE-001 | J38: 410 Condição A | K38: =VLOOKUP(J38,DADOS!$A$3:$B$105,2,FALSE) -> EE-GI-001-007 | L38: SE-014 | M38: TRUE | N38: TRUE | O38: TRUE | P38: TRUE | Q38: FALSE | R38: TRUE | S38: FALSE | T38: FALSE | U38: FALSE | V38: TRUE | W38: 10 | X38: - | Y38: - | Z38: PAULO
A39: 45933 | B39: HEITEC USINAGEM | C39: BN USI NE CPW 6" FN | D39: 10 | E39: 000000417 | F39: 112222-04 | G39: 128/25 | H39: 197/25 | I39: PC-NE-001 | J39: FN 65-45-12 | K39: =VLOOKUP(J39,DADOS!$A$3:$B$105,2,FALSE) -> EE-GI-001-008 | L39: IM-0319 | M39: TRUE | N39: TRUE | O39: TRUE | P39: TRUE | Q39: FALSE | R39: FALSE | S39: FALSE | T39: FALSE | U39: FALSE | V39: FALSE | W39: 10 | X39: - | Y39: - | Z39: CLEBER
A40: 45933 | B40: EXTRABOR | C40: BN VUL NE SEDE 3" GA1 | D40: 01 | E40: 000004361 | F40: 114797-01 | G40: 11173 | H40: 2127/25 | I40: PC-NE-001 | J40: NBR GA1 (Buna-N GA1) | K40: =VLOOKUP(J40,DADOS!$A$3:$B$105,2,FALSE) -> EE-GI-221-036 | L40: IM-0059 | M40: TRUE | N40: TRUE | O40: TRUE | P40: TRUE | Q40: TRUE | R40: FALSE | S40: FALSE | T40: FALSE | U40: FALSE | V40: FALSE | W40: 01 | X40: - | Y40: - | Z40: CLEBER
A41: 45933 | B41: R A DISTRIBUIDORA | C41: RT CPW 30" WCB BRT | D41: 04 | E41: 000000586 | F41: 114639-01 | G41: C616 | H41: 7339/25 | I41: PC-RT-001 | J41: WCB | K41: =VLOOKUP(J41,DADOS!$A$3:$B$105,2,FALSE) -> EE-GI-001-001 | L41: IM0035/SE-014 | M41: TRUE | N41: TRUE | O41: TRUE | P41: TRUE | Q41: FALSE | R41: FALSE | S41: FALSE | T41: FALSE | U41: FALSE | V41: FALSE | W41: 04 | X41: - | Y41: - | Z41: PAULO
A42: 45933 | B42: CASTING | C42: NE CPW BRT 8" FN | D42: 02 | E42: 000012540 | F42: 114691-02 | G42: 268/25 | H42: 5133/25 | I42: PC-NE-001 | J42: FN 65-45-12 | K42: =VLOOKUP(J42,DADOS!$A$3:$B$105,2,FALSE) -> EE-GI-001-008 | L42: IM0023/SE-014 | M42: TRUE | N42: TRUE | O42: TRUE | P42: TRUE | Q42: FALSE | R42: FALSE | S42: FALSE | T42: FALSE | U42: FALSE | V42: FALSE | W42: 02 | X42: - | Y42: - | Z42: PAULO
A43: 45933 | B43: CASTING | C43: NE CPW BRT 8" FN | D43: 05 | E43: 000012540 | F43: 114691-05 | G43: 268/25 | H43: 5133/25 | I43: PC-NE-001 | J43: FN 65-45-12 | K43: =VLOOKUP(J43,DADOS!$A$3:$B$105,2,FALSE) -> EE-GI-001-008 | L43: IM0023/SE-014 | M43: TRUE | N43: TRUE | O43: TRUE | P43: TRUE | Q43: FALSE | R43: FALSE | S43: FALSE | T43: FALSE | U43: FALSE | V43: FALSE | W43: 05 | X43: - | Y43: - | Z43: PAULO
A44: 45933 | B44: CASTING | C44: NE CPW BRT 8" FN | D44: 05 | E44: 000012540 | F44: 111833-06 | G44: 268/25 | H44: 5133/25 | I44: PC-NE-001 | J44: FN 65-45-12 | K44: =VLOOKUP(J44,DADOS!$A$3:$B$105,2,FALSE) -> EE-GI-001-008 | L44: IM0023/SE-014 | M44: TRUE | N44: TRUE | O44: TRUE | P44: TRUE | Q44: FALSE | R44: FALSE | S44: FALSE | T44: FALSE | U44: FALSE | V44: FALSE | W44: 05 | X44: - | Y44: - | Z44: PAULO
A45: 45933 | B45: CASTING | C45: NE CPW BRT 10" FN | D45: 06 | E45: 000012540 | F45: 111834-06 | G45: 272/25 | H45: 5135/25 | I45: PC-NE-001 | J45: FN 65-45-12 | K45: =VLOOKUP(J45,DADOS!$A$3:$B$105,2,FALSE) -> EE-GI-001-008 | L45: IM0023/SE-014 | M45: TRUE | N45: TRUE | O45: TRUE | P45: TRUE | Q45: FALSE | R45: FALSE | S45: FALSE | T45: FALSE | U45: FALSE | V45: FALSE | W45: 06 | X45: - | Y45: - | Z45: PAULO
A46: 45933 | B46: CLEVER | C46: BN VUL NE SEDE 8" ELASTOHARD | D46: 05 | E46: 000012425 | F46: 113872-02 | G46: 000107337 | H46: 293/25 | I46: PC-NE-001 | J46: ELASTOHARD | K46: =VLOOKUP(J46,DADOS!$A$3:$B$105,2,FALSE) -> EE-GI-221-064 | L46: IM-0059 | M46: TRUE | N46: TRUE | O46: TRUE | P46: TRUE | Q46: TRUE | R46: FALSE | S46: FALSE | T46: FALSE | U46: FALSE | V46: FALSE | W46: 05 | X46: - | Y46: - | Z46: CLEBER
A47: 45933 | B47: CLEVER | C47: BN VUL NE SEDE 8" ELASTOHARD | D47: 05 | E47: 000012425 | F47: 113903-03 | G47: 000107337 | H47: 293/25 | I47: PC-NE-001 | J47: ELASTOHARD | K47: =VLOOKUP(J47,DADOS!$A$3:$B$105,2,FALSE) -> EE-GI-221-064 | L47: IM-0059 | M47: TRUE | N47: TRUE | O47: TRUE | P47: TRUE | Q47: TRUE | R47: FALSE | S47: FALSE | T47: FALSE | U47: FALSE | V47: FALSE | W47: 03 | X47: - | Y47: - | Z47: CLEBER
A48: 45933 | B48: CLEVER | C48: BN VUL NE SEDE 8" ELASTOHARD | D48: 08 | E48: 000012425 | F48: 111543-06 | G48: 000107337 | H48: 293/25 | I48: PC-NE-001 | J48: ELASTOHARD | K48: =VLOOKUP(J48,DADOS!$A$3:$B$105,2,FALSE) -> EE-GI-221-064 | L48: IM-0059 | M48: TRUE | N48: TRUE | O48: TRUE | P48: TRUE | Q48: TRUE | R48: FALSE | S48: FALSE | T48: FALSE | U48: FALSE | V48: FALSE | W48: 08 | X48: - | Y48: - | Z48: CLEBER
... A125: 45937 | B125: MS USINAGEM | C125: BN USI NE CPW 12" FN | D125: 12 | E125: 000006329 | F125: 114513-05 | G125: 239/25 | H125: N/A | I125: PC-NE-001 | J125: FN 65-45-12 | K125: =VLOOKUP(J125,DADOS!$A$3:$B$105,2,FALSE) -> EE-GI-001-008 | L125: IM-0319 | M125: FALSE | N125: TRUE | O125: TRUE | P125: TRUE | Q125: FALSE | R125: FALSE | S125: FALSE | T125: FALSE | U125: FALSE | V125: FALSE | W125: 12 | X125: - | Y125: - | Z125: CLEBER
A126: 45937 | B126: MARS | C126: BC USI RL2 CPW 4" 150 PSI CF8 | D126: 04 | E126: 000005555 | F126: 113732-01 | G126: 02072501 e 250425A1 | I126: PC-RL2-001 | J126: CF8 | K126: =VLOOKUP(J126,DADOS!$A$3:$B$105,2,FALSE) -> EE-GI-001-003 | L126: IM-0319 | M126: TRUE | N126: TRUE | O126: TRUE | P126: TRUE | Q126: FALSE | R126: TRUE | S126: FALSE | T126: FALSE | U126: FALSE | V126: FALSE | W126: 04 | X126: - | Y126: - | Z126: CLEBER
A127: 45937 | B127: CALMOTECH | C127: BR USI WR3 ANEL RET SD 20" SAE 1020 | D127: 01 | E127: 00000605 | F127: 113548-34 | G127: CFA122 | H127: 230/2025 | I127: PC-WR-001 | J127: CHAPA SAE 1020 | K127: =VLOOKUP(J127,DADOS!$A$3:$B$105,2,FALSE) -> EE-GI-001-072 | L127: IM-0023 | M127: TRUE | N127: TRUE | O127: TRUE | P127: TRUE | Q127: FALSE | R127: TRUE | S127: FALSE | T127: FALSE | U127: FALSE | V127: TRUE | W127: 01 | X127: - | Y127: - | Z127: CLEBER
A128: 45937 | B128: CALMOTECH | C128: BR USI WR3 ANEL RET SD 20" SAE 1020 | D128: 01 | E128: 00000605 | F128: 113548-33 | G128: CFA122 | H128: 230/2025 | I128: PC-WR-001 | J128: CHAPA SAE 1020 | K128: =VLOOKUP(J128,DADOS!$A$3:$B$105,2,FALSE) -> EE-GI-001-072 | L128: IM-0023 | M128: TRUE | N128: TRUE | O128: TRUE | P128: TRUE | Q128: FALSE | R128: TRUE | S128: FALSE | T128: FALSE | U128: FALSE | V128: TRUE | W128: 01 | X128: - | Y128: - | Z128: CLEBER
A129: 45937 | B129: CALMOTECH | C129: BR USI WR3 ANEL RET SD 20" SAE 1020 | D129: 01 | E129: 00000605 | F129: 113548-32 | G129: CFA122 | H129: 230/2025 | I129: PC-WR-001 | J129: CHAPA SAE 1020 | K129: =VLOOKUP(J129,DADOS!$A$3:$B$105,2,FALSE) -> EE-GI-001-072 | L129: IM-0023 | M129: TRUE | N129: TRUE | O129: TRUE | P129: TRUE | Q129: FALSE | R129: TRUE | S129: FALSE | T129: FALSE | U129: FALSE | V129: TRUE | W129: 01 | X129: - | Y129: - | Z129: CLEBER
A130: 45937 | B130: CALMOTECH | C130: BR USI WR3 ANEL RET SD 20" SAE 1020 | D130: 04 | E130: 00000599 | F130: 113810-09 | G130: CFA122 | H130: 230/2025 | I130: PC-WR-001 | J130: CHAPA SAE 1020 | K130: =VLOOKUP(J130,DADOS!$A$3:$B$105,2,FALSE) -> EE-GI-001-072 | L130: IM-0023 | M130: TRUE | N130: TRUE | O130: TRUE | P130: TRUE | Q130: FALSE | R130: TRUE | S130: FALSE | T130: FALSE | U130: FALSE | V130: TRUE | W130: 04 | X130: - | Y130: - | Z130: CLEBER
A131: 45937 | B131: CALMOTECH | C131: BR USI WR3 ANEL RET SD 20" SAE 1020 | D131: 01 | E131: 00000605 | F131: 113548-31 | G131: CFA122 | H131: 230/2025 | I131: PC-WR-001 | J131: CHAPA SAE 1020 | K131: =VLOOKUP(J131,DADOS!$A$3:$B$105,2,FALSE) -> EE-GI-001-072 | L131: IM-0023 | M131: TRUE | N131: TRUE | O131: TRUE | P131: TRUE | Q131: FALSE | R131: TRUE | S131: FALSE | T131: FALSE | U131: FALSE | V131: TRUE | W131: 01 | X131: - | Y131: - | Z131: CLEBER
A132: 45937 | B132: MARS | C132: BC USI RL2 CPW 6" 150 PSI CF8 | D132: 05 | E132: 000005555 | F132: 113732-02 | G132: 02072501 | I132: PC-RL2-001 | J132: CF8 | K132: =VLOOKUP(J132,DADOS!$A$3:$B$105,2,FALSE) -> EE-GI-001-003 | L132: IM-0319 | M132: TRUE | N132: TRUE | O132: TRUE | P132: TRUE | Q132: FALSE | R132: TRUE | S132: FALSE | T132: FALSE | U132: FALSE | V132: FALSE | W132: 05 | X132: - | Y132: - | Z132: CLEBER
A133: 45938 | B133: MARS | C133: BQ USI WD CPF 36 FN NBR PN10 | D133: 02 | E133: 000005554 | F133: 114557-01 | G133: C509 | H133: 031001 | I133: PC-WD-001 | J133: FN 65-45-12 | K133: =VLOOKUP(J133,DADOS!$A$3:$B$105,2,FALSE) -> EE-GI-001-008 | L133: PD006/SE-014 | M133: TRUE | N133: TRUE | O133: TRUE | P133: TRUE | Q133: FALSE | R133: FALSE | S133: FALSE | T133: TRUE | U133: TRUE | V133: TRUE | W133: - | X133: 02 | Y133: 2025-1034 | Z133: CLEBER
A134: 45938 | B134: MARS | C134: BQ USI WD CPF 24" PN10 FN NBR PARA SEDE PTFE | D134: 01 | E134: 000005551 | F134: 114378-05 | G134: C502 | H134: 061002 | I134: PC-WD-001 | J134: FN 65-45-12 | K134: =VLOOKUP(J134,DADOS!$A$3:$B$105,2,FALSE) -> EE-GI-001-008 | L134: IM0035/SE-014 | M134: TRUE | N134: TRUE | O134: TRUE | P134: TRUE | Q134: FALSE | R134: FALSE | S134: FALSE | T134: TRUE | U134: TRUE | V134: TRUE | W134: 01 | X134: - | Y134: - | Z134: PAULO
A135: 45938 | B135: MARS | C135: BC USI RL2 CPW 16" 150PSI CF8 | D135: 05 | E135: 000005555 | F135: 113809-03 | G135: 02072501 | I135: PC-RL2-001 | J135: CF8 | K135: =VLOOKUP(J135,DADOS!$A$3:$B$105,2,FALSE) -> EE-GI-001-003 | L135: IM0023/SE-014 | M135: TRUE | N135: TRUE | O135: TRUE | P135: TRUE | Q135: FALSE | R135: TRUE | S135: FALSE | T135: TRUE | U135: TRUE | V135: TRUE | W135: 05 | X135: - | Y135: - | Z135: PAULO
A136: 45938 | B136: SOLIMARC (POLMATEC) | C136: AM CR POLM PRV-50 F07/Q14 TCAD S1 | D136: 04 | E136: 000010838 | F136: 114511-01 | G136: 16704.01.01 ao 16704.01.04 | H136: 005354/2025 | I136: - | J136: - | K136: =VLOOKUP(J136,DADOS!$A$3:$B$105,2,FALSE) -> #N/A | L136: SE-014 | M136: TRUE | N136: TRUE | O136: TRUE | P136: TRUE | Q136: FALSE | R136: FALSE | S136: FALSE | T136: FALSE | U136: FALSE | V136: TRUE | W136: - | X136: 04 | Y136: 2025-1036 | Z136: PAULO
A137: 45938 | B137: SOLIMARC (POLMATEC) | C137: AM CR PRV-70 F10/Q17 POLM TCAD S1 | D137: 04 | E137: 000010838 | F137: 114511-02 | G137: 16704.02.01 ao 16704.02.04 | H137: 005355/2025 | I137: - | J137: - | K137: =VLOOKUP(J137,DADOS!$A$3:$B$105,2,FALSE) -> #N/A | L137: SE-014 | M137: TRUE | N137: TRUE | O137: TRUE | P137: TRUE | Q137: FALSE | R137: FALSE | S137: FALSE | T137: FALSE | U137: FALSE | V137: TRUE | W137: 04 | X137: - | Y137: - | Z137: PAULO
A138: 45938 | B138: SOLIMARC (POLMATEC) | C138: AM CR PRV-70 F12/R28 POLM | D138: 03 | E138: 000010838 | F138: 114382-01 | G138: 16686.01.01 ao 16686.01.03 | H138: 005353/2025 | I138: - | J138: - | K138: =VLOOKUP(J138,DADOS!$A$3:$B$105,2,FALSE) -> #N/A | L138: SE-014 | M138: TRUE | N138: TRUE | O138: TRUE | P138: TRUE | Q138: FALSE | R138: FALSE | S138: FALSE | T138: FALSE | U138: FALSE | V138: TRUE | W138: 03 | X138: - | Y138: - | Z138: PAULO
A139: 45938 | B139: SOLIMARC (POLMATEC) | C139: AM CR PRVA-70 F12/R35 POLM | D139: 01 | E139: 000010838 | F139: 114170-02 | G139: 16665.01.01 | H139: 005352/2025 | I139: - | J139: - | K139: =VLOOKUP(J139,DADOS!$A$3:$B$105,2,FALSE) -> #N/A | L139: SE-014 | M139: TRUE | N139: TRUE | O139: TRUE | P139: TRUE | Q139: FALSE | R139: FALSE | S139: FALSE | T139: FALSE | U139: FALSE | V139: TRUE | W139: 01 | X139: - | Y139: - | Z139: PAULO
A140: 45938 | B140: HEITEC USINAGEM | C140: BN USI NE DISCO 8" 150 PSI CF8M | D140: 20 | E140: 000000420 | F140: 114473-03 | G140: 22072501 | H140: 198/25 | I140: PC-NE-001 | J140: CF8M | K140: =VLOOKUP(J140,DADOS!$A$3:$B$105,2,FALSE) -> EE-GI-001-002 | L140: IM-0319 | M140: TRUE | N140: TRUE | O140: TRUE | P140: TRUE | Q140: FALSE | R140: FALSE | S140: FALSE | T140: FALSE | U140: FALSE | V140: TRUE | W140: 19 | X140: 01 | Y140: 2025-1039 | Z140: CLEBER
A141: 45938 | B141: HEITEC USINAGEM | C141: BN USI NE DISCO 8" 150 PSI CF8M | D141: 20 | E141: 000000420 | F141: 114510-04 | G141: 22072501 | H141: 198/25 | I141: PC-NE-001 | J141: CF8M | K141: =VLOOKUP(J141,DADOS!$A$3:$B$105,2,FALSE) -> EE-GI-001-002 | L141: IM-0319 | M141: TRUE | N141: TRUE | O141: TRUE | P141: TRUE | Q141: FALSE | R141: FALSE | S141: FALSE | T141: FALSE | U141: FALSE | V141: TRUE | W141: 19 | X141: - | Y141: - | Z141: CLEBER
A142: 45938 | B142: HEITEC USINAGEM | C142: BN USI NE DISCO 8" 150 PSI CF8M | D142: 05 | E142: 000000420 | F142: 114510-05 | G142: 22072501 | H142: 198/25 | I142: PC-NE-001 | J142: CF8M | K142: =VLOOKUP(J142,DADOS!$A$3:$B$105,2,FALSE) -> EE-GI-001-002 | L142: IM-0319 | M142: TRUE | N142: TRUE | O142: TRUE | P142: TRUE | Q142: FALSE | R142: FALSE | S142: FALSE | T142: FALSE | U142: FALSE | V142: TRUE | W142: 05 | X142: - | Y142: - | Z142: CLEBER
A143: 45938 | B143: HEITEC USINAGEM | C143: BN USI NE CPW 12" FN | D143: 16 | E143: 000006351 | F143: 114513-05 | G143: 239/25 | H143: N/A | I143: PC-NE-001 | J143: FN 65-45-12 | K143: =VLOOKUP(J143,DADOS!$A$3:$B$105,2,FALSE) -> EE-GI-001-008 | L143: IM-0023 | M143: TRUE | N143: TRUE | O143: TRUE | P143: TRUE | Q143: FALSE | R143: FALSE | S143: FALSE | T143: FALSE | U143: FALSE | V143: TRUE | W143: 16 | X143: - | Y143: - | Z143: CLEBER
A144: 45938 | B144: HEITEC USINAGEM | C144: BN USI NE CPW 12" WCB | D144: 01 | E144: 000006351 | F144: 114807-01 | G144: 20052501 | H144: N/A | I144: PC-NE-001 | J144: WCB | K144: =VLOOKUP(J144,DADOS!$A$3:$B$105,2,FALSE) -> EE-GI-001-001 | L144: IM-0023 | M144: TRUE | N144: TRUE | O144: TRUE | P144: TRUE | Q144: FALSE | R144: FALSE | S144: FALSE | T144: FALSE | U144: FALSE | V144: TRUE | W144: 01 | X144: - | Y144: - | Z144: CLEBER
A145: 45938 | B145: HEITEC USINAGEM | C145: BN USI NP CPW 12" FN | D145: 05 | E145: 000006351 | F145: 114807-10 | G145: 239/25 | H145: N/A | I145: PC-NE-001 | J145: WCB | K145: =VLOOKUP(J145,DADOS!$A$3:$B$105,2,FALSE) -> EE-GI-001-001 | L145: IM-0023 | M145: TRUE | N145: TRUE | O145: TRUE | P145: TRUE | Q145: FALSE | R145: FALSE | S145: FALSE | T145: FALSE | U145: FALSE | V145: TRUE | W145: 01 | X145: - | Y145: - | Z145: CLEBER
A146: 45938 | B146: CLEVER | C146: WR3 SEDE 32" EPDM | D146: 01 | E146: 000012424 | F146: 114675-01 | G146: 481492 | H146: 6817/25 | I146: PC-WR-001 | J146: EPDM | K146: =VLOOKUP(J146,DADOS!$A$3:$B$105,2,FALSE) -> EE-GI-221-033 | L146: IM-0059 | M146: TRUE | N146: TRUE | O146: TRUE | P146: TRUE | Q146: TRUE | R146: FALSE | S146: FALSE | T146: FALSE | U146: FALSE | V146: FALSE | W146: 01 | X146: - | Y146: - | Z146: CLEBER
A147: 45938 | B147: CLEVER | C147: BN VUL NE SEDE 12" EPDM T-150 | D147: 27 | E147: 000012425 | F147: 111559-05 | G147: 47278 | H147: 6811/25 | I147: PC-WR-001 | J147: EPDM | K147: =VLOOKUP(J147,DADOS!$A$3:$B$105,2,FALSE) -> EE-GI-221-033 | L147: IM-0059 | M147: TRUE | N147: TRUE | O147: TRUE | P147: TRUE | Q147: TRUE | R147: FALSE | S147: FALSE | T147: FALSE | U147: FALSE | V147: FALSE | W147: 27 | X147: - | Y147: - | Z147: CLEBER
... A179: 45940 | B179: EVELIN | C179: BN POL NE DISCO 12" CF8M 150 PSI | D179: 03 | E179: 000001428 | F179: 114868-01 | G179: 07055201, 05062501 | H179: 41 | I179: PC-NE-001 | J179: CF8M | K179: =VLOOKUP(J179,DADOS!$A$3:$B$105,2,FALSE) -> EE-GI-001-002 | L179: IM-0023 | M179: TRUE | N179: TRUE | O179: TRUE | P179: TRUE | Q179: FALSE | R179: FALSE | S179: FALSE | T179: FALSE | U179: FALSE | V179: FALSE | W179: - | X179: 03 | Y179: 2025-1070 | Z179: CLEBER
A180: 45940 | B180: R A DISTRIBUIDORA | C180: NF CPL 14 FN BRT | D180: 01 | E180: 000000639 | F180: 114618-01 | G180: C634 | I180: PC-NF-001 | J180: FN 65-45-12 | K180: =VLOOKUP(J180,DADOS!$A$3:$B$105,2,FALSE) -> EE-GI-001-008 | L180: IM0023/SE-014 | M180: TRUE | N180: TRUE | O180: TRUE | P180: TRUE | Q180: FALSE | R180: FALSE | S180: FALSE | T180: FALSE | U180: FALSE | V180: FALSE | W180: 01 | X180: - | Y180: - | Z180: PAULO
A181: 45940 | B181: R A DISTRIBUIDORA | C181: WD CPF BRT 28" PN10 FN | D181: 01 | E181: 000000640 | F181: 114737-01 | G181: C634 | I181: PC-WD-001 | J181: FN 65-45-12 | K181: =VLOOKUP(J181,DADOS!$A$3:$B$105,2,FALSE) -> EE-GI-001-008 | L181: IM0035/SE-014 | M181: TRUE | N181: TRUE | O181: TRUE | P181: TRUE | Q181: FALSE | R181: FALSE | S181: FALSE | T181: FALSE | U181: FALSE | V181: FALSE | W181: 01 | X181: - | Y181: - | Z181: PAULO
A182: 45940 | B182: R A DISTRIBUIDORA | C182: NE DC 12 FN BRT 250PSI | D182: 04 | E182: 000000641 | F182: 114906-01 | G182: C636 | I182: PC-NE-001 | J182: FN 65-45-12 | K182: =VLOOKUP(J182,DADOS!$A$3:$B$105,2,FALSE) -> EE-GI-001-008 | L182: IM0023/SE-014 | M182: TRUE | N182: TRUE | O182: TRUE | P182: TRUE | Q182: FALSE | R182: FALSE | S182: FALSE | T182: FALSE | U182: FALSE | V182: FALSE | W182: 04 | X182: - | Y182: - | Z182: PAULO
A183: 45940 | B183: MS USINAGEM | C183: BN USI NE CPW 10" FN 5752 NBR 7675 PN10 C RE | D183: 04 | E183: 000006353 | F183: 114687-01 | G183: 239/25 | H183: N/A | I183: PC-NE-001 | J183: FN 65-45-12 | K183: =VLOOKUP(J183,DADOS!$A$3:$B$105,2,FALSE) -> EE-GI-001-008 | L183: IM-0319 | M183: FALSE | N183: TRUE | O183: TRUE | P183: TRUE | Q183: FALSE | R183: FALSE | S183: FALSE | T183: FALSE | U183: FALSE | V183: FALSE | W183: 04 | X183: - | Y183: - | Z183: CLEBER
A184: 45940 | B184: MS USINAGEM | C184: BN USI NE DISCO 8" 150 PSI CF8M | D184: 33 | E184: 000006325 | F184: 112986-06 | G184: 203/25, 233,25 | H184: N/A | I184: PC-NE-001 | J184: FN 65-45-12 | K184: =VLOOKUP(J184,DADOS!$A$3:$B$105,2,FALSE) -> EE-GI-001-008 | L184: IM-0319 | M184: FALSE | N184: TRUE | O184: TRUE | P184: TRUE | Q184: FALSE | R184: FALSE | S184: FALSE | T184: FALSE | U184: FALSE | V184: FALSE | W184: 35 | X184: - | Y184: - | Z184: CLEBER
A185: 45940 | B185: MS USINAGEM | C185: BN USI NE DISCO 8" 150 PSI CF8M | D185: 33 | E185: 000006325 | F185: 112986-06 | G185: 22072501 | H185: N/A | I185: PC-NE-001 | J185: CF8M | K185: =VLOOKUP(J185,DADOS!$A$3:$B$105,2,FALSE) -> EE-GI-001-002 | L185: IM-0319 | M185: FALSE | N185: TRUE | O185: TRUE | P185: TRUE | Q185: FALSE | R185: FALSE | S185: FALSE | T185: FALSE | U185: FALSE | V185: FALSE | W185: 33 | X185: - | Y185: - | Z185: CLEBER
A186: 45940 | B186: METAL PRIME | C186: BN USI NE CPW 4" FN | D186: 118 | E186: 000013244 | F186: 112740-06 | G186: 266/25, 220/25 | H186: 767/25 | I186: PC-NE-001 | J186: FN 65-45-12 | K186: =VLOOKUP(J186,DADOS!$A$3:$B$105,2,FALSE) -> EE-GI-001-008 | L186: IM-0319 | M186: FALSE | N186: TRUE | O186: TRUE | P186: TRUE | Q186: FALSE | R186: FALSE | S186: FALSE | T186: FALSE | U186: FALSE | V186: TRUE | W186: 118 | X186: - | Y186: - | Z186: CLEBER
A187: 45940 | B187: METAL PRIME | C187: BN USI NE CPW 4" FN | D187: 09 | E187: 000013244 | F187: 112740-06 | G187: 266/25, 220/25 | H187: 767/25 | I187: PC-NE-001 | J187: FN 65-45-12 | K187: =VLOOKUP(J187,DADOS!$A$3:$B$105,2,FALSE) -> EE-GI-001-008 | L187: IM-0319 | M187: FALSE | N187: TRUE | O187: TRUE | P187: TRUE | Q187: FALSE | R187: FALSE | S187: FALSE | T187: FALSE | U187: FALSE | V187: TRUE | W187: 09 | X187: - | Y187: - | Z187: CLEBER
A188: 45940 | B188: MS USINAGEM | C188: BN USI NE DISCO 8" 150 PSI CF8M | D188: 33 | E188: 000006325 | F188: 112986-06 | G188: 22072501 | H188: N/A | I188: PC-NE-001 | J188: CF8M | K188: =VLOOKUP(J188,DADOS!$A$3:$B$105,2,FALSE) -> EE-GI-001-002 | L188: IM-0319 | M188: FALSE | N188: TRUE | O188: TRUE | P188: TRUE | Q188: FALSE | R188: FALSE | S188: FALSE | T188: FALSE | U188: FALSE | V188: FALSE | W188: 33 | X188: - | Y188: - | Z188: CLEBER
A189: 45940 | B189: MS USINAGEM | C189: BN USI NE DISCO 12" 150 PSI CF8M | D189: 02 | E189: 000006325 | F189: 112417-04 | G189: 22052501, 07082501 | H189: N/A | I189: PC-NE-001 | J189: CF8M | K189: =VLOOKUP(J189,DADOS!$A$3:$B$105,2,FALSE) -> EE-GI-001-002 | L189: IM-0319 | M189: FALSE | N189: TRUE | O189: TRUE | P189: TRUE | Q189: FALSE | R189: FALSE | S189: FALSE | T189: FALSE | U189: FALSE | V189: FALSE | W189: 02 | X189: - | Y189: - | Z189: CLEBER
A190: 45940 | B190: MS USINAGEM | C190: BN USI NP DISCO 10" CF8M 150 PSI | D190: 05 | E190: 000006325 | F190: 112210-02 | G190: C 297 | H190: N/A | I190: PC-NE-001 | J190: CF8M | K190: =VLOOKUP(J190,DADOS!$A$3:$B$105,2,FALSE) -> EE-GI-001-002 | L190: IM-0319 | M190: FALSE | N190: TRUE | O190: TRUE | P190: TRUE | Q190: FALSE | R190: FALSE | S190: FALSE | T190: FALSE | U190: FALSE | V190: FALSE | W190: 04 | X190: 01 | Y190: 2025-1073 | Z190: CLEBER
A191: 45940 | B191: ROLDITEC | C191: RK ARS BRT 10 150 A36 FSDS | D191: 02 | E191: 000011926 | F191: 114928-01 | G191: CFA134 | H191: 34984 | I191: PC-RK-001 | J191: CHAPA A36 | K191: =VLOOKUP(J191,DADOS!$A$3:$B$105,2,FALSE) -> EE-GI-001-071 | L191: IM0023/SE-014 | M191: TRUE | N191: TRUE | O191: TRUE | P191: TRUE | Q191: FALSE | R191: FALSE | S191: FALSE | T191: FALSE | U191: FALSE | V191: FALSE | W191: 02 | X191: - | Y191: - | Z191: PAULO
A192: 45940 | B192: RUSPRI | C192: RK ARS BRT 6" MM 150/300# 316 | D192: 02 | E192: 000013889 | F192: 114985-01 | G192: CBY065 | H192: 100.351 | I192: PC-RK-001 | J192: CHAPA 316 | K192: =VLOOKUP(J192,DADOS!$A$3:$B$105,2,FALSE) -> EE-GI-001-073 | L192: SE-014 | M192: TRUE | N192: TRUE | O192: TRUE | P192: TRUE | Q192: FALSE | R192: TRUE | S192: FALSE | T192: FALSE | U192: FALSE | V192: FALSE | W192: 02 | X192: - | Y192: - | Z192: PAULO
A193: 45940 | B193: RUSPRI | C193: RL2 ARS CHAPA 14" 150PSI 304 | D193: 03 | E193: 000013890 | F193: 115019-01 | G193: CBL093 | H193: 34984 | I193: PC-RL2-001 | J193: CHAPA 304 | K193: =VLOOKUP(J193,DADOS!$A$3:$B$105,2,FALSE) -> EE-GI-001-074 | L193: IM0023/SE-014 | M193: TRUE | N193: TRUE | O193: TRUE | P193: TRUE | Q193: FALSE | R193: TRUE | S193: FALSE | T193: FALSE | U193: FALSE | V193: FALSE | W193: 03 | X193: - | Y193: - | Z193: PAULO
A194: 45940 | B194: RUSPRI | C194: RL2 ARS CHAPA 14" 150PSI 304 | D194: 12 | E194: 000013890 | F194: 115019-02 | G194: CBL093 | H194: 34984 | I194: PC-RL2-001 | J194: CHAPA 304 | K194: =VLOOKUP(J194,DADOS!$A$3:$B$105,2,FALSE) -> EE-GI-001-074 | L194: IM0023/SE-014 | M194: TRUE | N194: TRUE | O194: TRUE | P194: TRUE | Q194: FALSE | R194: TRUE | S194: FALSE | T194: FALSE | U194: FALSE | V194: FALSE | W194: 12 | X194: - | Y194: - | Z194: PAULO
... A201: 45943 | B201: MARS | C201: BQ USI WD DC 36 FN PN10 | D201: 01 | E201: 000005564 | F201: 113572-06 | G201: C583 | H201: 101007 | I201: PC-WD-001 | J201: FN 65-45-12 | K201: =VLOOKUP(J201,DADOS!$A$3:$B$105,2,FALSE) -> EE-GI-001-008 | L201: IM0035/SE-014 | M201: TRUE | N201: TRUE | O201: TRUE | P201: TRUE | Q201: FALSE | R201: FALSE | S201: FALSE | T201: FALSE | U201: FALSE | V201: TRUE | W201: 01 | X201: - | Y201: - | Z201: PAULO
A202: 45943 | B202: MARS | C202: BQ USI WD DISCO 24 PN10/16 FN PARA SEDE PTFE | D202: 01 | E202: 000005563 | F202: 114378-06 | G202: C501 | I202: PC-WD-001 | J202: FN 65-45-12 | K202: =VLOOKUP(J202,DADOS!$A$3:$B$105,2,FALSE) -> EE-GI-001-008 | L202: IM0023/SE-014 | M202: TRUE | N202: TRUE | O202: TRUE | P202: TRUE | Q202: FALSE | R202: FALSE | S202: FALSE | T202: FALSE | U202: FALSE | V202: TRUE | W202: - | X202: 01 | Y202: 2025-1075 | Z202: PAULO
A203: 45943 | B203: MARS | C203: BQ USI WD DISCO 24" PN10/16 FN | D203: 02 | E203: 000005563 | F203: 114553-02 | G203: C501 | I203: PC-WD-001 | J203: FN 65-45-12 | K203: =VLOOKUP(J203,DADOS!$A$3:$B$105,2,FALSE) -> EE-GI-001-008 | L203: IM0023/SE-014 | M203: TRUE | N203: TRUE | O203: TRUE | P203: TRUE | Q203: FALSE | R203: FALSE | S203: FALSE | T203: FALSE | U203: FALSE | V203: TRUE | W203: 02 | X203: - | Y203: - | Z203: PAULO
A204: 45943 | B204: MARS | C204: BQ USI WD DISCO 24" PN10/16 FN | D204: 01 | E204: 000005563 | F204: 113572-03 | G204: C501 | I204: PC-WD-001 | J204: FN 65-45-12 | K204: =VLOOKUP(J204,DADOS!$A$3:$B$105,2,FALSE) -> EE-GI-001-008 | L204: IM0023/SE-014 | M204: TRUE | N204: TRUE | O204: TRUE | P204: TRUE | Q204: FALSE | R204: FALSE | S204: FALSE | T204: FALSE | U204: FALSE | V204: TRUE | W204: 01 | X204: - | Y204: - | Z204: PAULO
A205: 45943 | B205: MARS | C205: BQ USI WD CPF 8" PN10 FN | D205: 06 | E205: 000005562 | F205: 114489-22 | G205: FG 248/25 | H205: 101001 | I205: PC-WD-001 | J205: FN 65-45-12 | K205: =VLOOKUP(J205,DADOS!$A$3:$B$105,2,FALSE) -> EE-GI-001-008 | L205: IM0023/SE-014 | M205: TRUE | N205: TRUE | O205: TRUE | P205: TRUE | Q205: FALSE | R205: FALSE | S205: FALSE | T205: TRUE | U205: TRUE | V205: TRUE | W205: 04 | X205: 02 | Y205: 2025-1076 | Z205: PAULO
A206: 45943 | B206: MARS | C206: BQ USI WD CPF 10 FN NBR PN10 | D206: 04 | E206: 000005562 | F206: 114265-04 | G206: FG 248/25 | H206: 101002 | I206: PC-WD-001 | J206: FN 65-45-12 | K206: =VLOOKUP(J206,DADOS!$A$3:$B$105,2,FALSE) -> EE-GI-001-008 | L206: IM0023/SE-014 | M206: TRUE | N206: TRUE | O206: TRUE | P206: TRUE | Q206: FALSE | R206: FALSE | S206: FALSE | T206: TRUE | U206: TRUE | V206: TRUE | W206: 04 | X206: - | Y206: - | Z206: PAULO
A207: 45943 | B207: MARS | C207: BQ USI WD CPW 22 FN FN C207 PN10 | D207: 02 | E207: 000005563 | F207: 113465-01 | H207: 101003 | I207: PC-WD-001 | J207: FN 65-45-12 | K207: =VLOOKUP(J207,DADOS!$A$3:$B$105,2,FALSE) -> EE-GI-001-008 | L207: IM0023/SE-014 | M207: TRUE | N207: TRUE | O207: TRUE | P207: TRUE | Q207: FALSE | R207: FALSE | S207: FALSE | T207: TRUE | U207: TRUE | V207: TRUE | W207: 02 | X207: - | Y207: - | Z207: PAULO
A208: 45943 | B208: MARS | C208: BQ USI WD CPW 22 FN FN C207 PN10 | D208: 06 | E208: 000005563 | F208: 113465-02 | H208: 101003 | I208: PC-WD-001 | J208: FN 65-45-12 | K208: =VLOOKUP(J208,DADOS!$A$3:$B$105,2,FALSE) -> EE-GI-001-008 | L208: IM0023/SE-014 | M208: TRUE | N208: TRUE | O208: TRUE | P208: TRUE | Q208: FALSE | R208: FALSE | S208: FALSE | T208: TRUE | U208: TRUE | V208: TRUE | W208: 06 | X208: - | Y208: - | Z208: PAULO
A209: 45943 | B209: MS USINAGEM | C209: BN USI NE CPW 10" WCB | D209: 02 | E209: 000006352 | F209: 114513-04 | G209: 04042501 | H209: N/A | I209: PC-NE-001 | J209: WCB | K209: =VLOOKUP(J209,DADOS!$A$3:$B$105,2,FALSE) -> EE-GI-001-001 | L209: IM-0319 | M209: FALSE | N209: TRUE | O209: TRUE | P209: TRUE | Q209: FALSE | R209: FALSE | S209: FALSE | T209: FALSE | U209: FALSE | V209: TRUE | W209: 02 | X209: - | Y209: - | Z209: CLEBER
A210: 45943 | B210: MS USINAGEM | C210: BN USI NE CPW 10" FN | D210: 04 | E210: 000006352 | F210: 110782-06 | G210: 239/25 | H210: N/A | I210: PC-NE-001 | J210: FN 65-45-12 | K210: =VLOOKUP(J210,DADOS!$A$3:$B$105,2,FALSE) -> EE-GI-001-008 | L210: IM-0319 | M210: FALSE | N210: TRUE | O210: TRUE | P210: TRUE | Q210: FALSE | R210: FALSE | S210: FALSE | T210: FALSE | U210: FALSE | V210: TRUE | W210: 04 | X210: - | Y210: - | Z210: CLEBER
A211: 45943 | B211: MS USINAGEM | C211: BN USI WR3 HASTE INF 32 410 | D211: 01 | E211: 000006353 | F211: 115012-01 | G211: CA 442 | H211: N/A | I211: PC-WR-001 | J211: 410 Condição A | K211: =VLOOKUP(J211,DADOS!$A$3:$B$105,2,FALSE) -> EE-GI-001-007 | L211: IM-0319 | M211: FALSE | N211: TRUE | O211: TRUE | P211: TRUE | Q211: FALSE | R211: FALSE | S211: FALSE | T211: FALSE | U211: FALSE | V211: TRUE | W211: 01 | X211: - | Y211: - | Z211: CLEBER
A212: 45943 | B212: ILHA GRANDE | C212: RL2 DISCO BBRT 3 CF8 | D212: 02 | E212: 000025333 | F212: 113241-09 | G212: 05082501 | H212: 14735 | I212: PC-RL2-001 | J212: CF8 | K212: =VLOOKUP(J212,DADOS!$A$3:$B$105,2,FALSE) -> EE-GI-001-003 | L212: SE-014 | M212: TRUE | N212: TRUE | O212: TRUE | P212: TRUE | Q212: FALSE | R212: TRUE | S212: FALSE | T212: FALSE | U212: FALSE | V212: FALSE | W212: - | X212: 02 | Y212: 2025-1077 | Z212: PAULO
A213: 45943 | B213: CLEVER | C213: BN VUL NE SEDE 10" ELASTOHARD | D213: 01 | E213: 000012438 | F213: 113903-04 | G213: 00107337 | H213: 299/25 | I213: PC-NE-001 | J213: ELASTOHARD | K213: =VLOOKUP(J213,DADOS!$A$3:$B$105,2,FALSE) -> EE-GI-221-064 | L213: IM-0059 | M213: TRUE | N213: TRUE | O213: TRUE | P213: TRUE | Q213: TRUE | R213: FALSE | S213: FALSE | T213: FALSE | U213: FALSE | V213: FALSE | W213: 01 | X213: - | Y213: - | Z213: CLEBER
A214: 45943 | B214: MS USINAGEM | C214: BN USI NE DISCO 8" 150 PSI CF8M | D214: 17 | E214: 000006352 | F214: 112938-02 | G214: 22072501 | H214: N/A | I214: PC-NE-001 | J214: CF8M | K214: =VLOOKUP(J214,DADOS!$A$3:$B$105,2,FALSE) -> EE-GI-001-002 | L214: IM-0319 | M214: TRUE | N214: TRUE | O214: TRUE | P214: TRUE | Q214: FALSE | R214: FALSE | S214: FALSE | T214: FALSE | U214: FALSE | V214: FALSE | W214: 05 | X214: - | Y214: - | Z214: CLEBER
A215: 45943 | B215: MS USINAGEM | C215: BN USI NF DISCO 18" CF8M 150 PSI | D215: 05 | E215: 000006352 | F215: 113804-05 | G215: 22072501 | H215: N/A | I215: PC-NF-001 | J215: CF8M | K215: =VLOOKUP(J215,DADOS!$A$3:$B$105,2,FALSE) -> EE-GI-001-002 | L215: IM-0023 | M215: TRUE | N215: TRUE | O215: TRUE | P215: TRUE | Q215: FALSE | R215: FALSE | S215: FALSE | T215: FALSE | U215: FALSE | V215: FALSE | W215: 01 | X215: - | Y215: - | Z215: CLEBER
A216: 45943 | B216: CMBA | C216: RK ARS USI 2 150 C958 | D216: 02 | E216: 000021545 | F216: 114121-01 | G216: 2052 AS. | H216: 0534/2025 | I216: PC-RK-001 | J216: C95800 | K216: =VLOOKUP(J216,DADOS!$A$3:$B$105,2,FALSE) -> EE-GI-001-031 | L216: SE-014 | M216: TRUE | N216: TRUE | O216: TRUE | P216: TRUE | Q216: FALSE | R216: FALSE | S216: FALSE | T216: TRUE | U216: TRUE | V216: TRUE | W216: 02 | X216: - | Y216: - | Z216: PAULO
A217: 45943 | B217: CMBA | C217: RK ARS USI 3 150 C958 | D217: 02 | E217: 000021545 | F217: 114121-02 | G217: 2052 AS. | H217: 0535/2025 | I217: PC-RK-001 | J217: C95800 | K217: =VLOOKUP(J217,DADOS!$A$3:$B$105,2,FALSE) -> EE-GI-001-031 | L217: SE-014 | M217: TRUE | N217: TRUE | O217: TRUE | P217: TRUE | Q217: FALSE | R217: FALSE | S217: FALSE | T217: TRUE | U217: TRUE | V217: TRUE | W217: 02 | X217: - | Y217: - | Z217: PAULO
A218: 45944 | B218: MARS | C218: BN USI RK CPL 16" C958 150# | D218: 01 | E218: 000005473 | F218: 113290-03 | G218: 1603 AS 1 | H218: 70701 | I218: PC-RK-001 | J218: C95800 | K218: =VLOOKUP(J218,DADOS!$A$3:$B$105,2,FALSE) -> EE-GI-001-031 | L218: TRI-001 | M218: TRUE | N218: TRUE | O218: TRUE | P218: TRUE | Q218: FALSE | R218: FALSE | S218: FALSE | T218: TRUE | U218: TRUE | V218: TRUE | W218: 01 | X218: - | Y218: - | Z218: ALUIR
A219: 45944 | B219: MARS | C219: BN USI RK CPL 16" C958 150# | D219: 01 | E219: 000005473 | F219: 113462-01 | G219: 1508 AS 1 | H219: 70701 | I219: PC-RK-001 | J219: C95800 | K219: =VLOOKUP(J219,DADOS!$A$3:$B$105,2,FALSE) -> EE-GI-001-031 | L219: TRI-001 | M219: TRUE | N219: TRUE | O219: TRUE | P219: TRUE | Q219: FALSE | R219: FALSE | S219: FALSE | T219: TRUE | U219: TRUE | V219: TRUE | W219: - | X219: 01 | Y219: 2025-1078 | Z219: ALUIR
A220: 45944 | B220: MS USINAGEM | C220: BN USI NE DISCO 8" BR/AL | D220: 02 | E220: 000006356 | F220: 113925-08 | G220: 183AR6, 1885AS1 | H220: N/A | I220: PC-NE-001 | J220: C95800 | K220: =VLOOKUP(J220,DADOS!$A$3:$B$105,2,FALSE) -> EE-GI-001-031 | L220: IM-0319 | M220: FALSE | N220: TRUE | O220: TRUE | P220: TRUE | Q220: FALSE | R220: FALSE | S220: FALSE | T220: FALSE | U220: FALSE | V220: FALSE | W220: 02 | X220: - | Y220: - | Z220: CLEBER
... A256: 45944 | B256: BONGAS | C256: AE BONGAS AEE22T60PVQ8 220VAC 3F | D256: 02 | E256: 000029257 | F256: 115077-01 | G256: 250AE2033, 25AE2034 | H256: 3038/25 | I256: - | J256: - | K256: =VLOOKUP(J256,DADOS!$A$3:$B$105,2,FALSE) -> #N/A | L256: IM-3019 | M256: TRUE | N256: TRUE | O256: TRUE | P256: TRUE | Q256: FALSE | R256: FALSE | S256: FALSE | T256: FALSE | U256: FALSE | V256: TRUE | W256: 01 | X256: - | Y256: - | Z256: CLEBER
A257: 45945 | B257: CMBA | C257: RK CPL BRT 2" 150# C958 | D257: 02 | E257: 000021564 | F257: 114003-02 | G257: 2117 AS1 e 2117 AS2 | I257: PC-RK-001 | J257: C95800 | K257: =VLOOKUP(J257,DADOS!$A$3:$B$105,2,FALSE) -> EE-GI-001-031 | L257: SE-014 | M257: TRUE | N257: TRUE | O257: TRUE | P257: TRUE | Q257: FALSE | R257: FALSE | S257: FALSE | T257: FALSE | U257: FALSE | V257: FALSE | W257: 02 | X257: - | Y257: - | Z257: PAULO
A258: 45945 | B258: MS USINAGEM | C258: BN USI NE DISCO 3 FN 150PSI NY | D258: 01 | E258: 000006364 | F258: 114682-01 | G258: 422/22 | H258: N/A | I258: PC-NE-001 | J258: FN 65-45-12 | K258: =VLOOKUP(J258,DADOS!$A$3:$B$105,2,FALSE) -> EE-GI-001-008 | L258: SE-014 | M258: FALSE | N258: TRUE | O258: TRUE | P258: TRUE | Q258: FALSE | R258: FALSE | S258: FALSE | T258: FALSE | U258: FALSE | V258: TRUE | W258: 01 | X258: - | Y258: - | Z258: PAULO
A259: 45945 | B259: MS USINAGEM | C259: BN USI NE CPL 8" FN | D259: 16 | E259: 000006364 | F259: 114472-06 | G259: 232/25 | H259: N/A | I259: PC-NE-001 | J259: FN 65-45-12 | K259: =VLOOKUP(J259,DADOS!$A$3:$B$105,2,FALSE) -> EE-GI-001-008 | L259: IM-0319 | M259: FALSE | N259: TRUE | O259: TRUE | P259: TRUE | Q259: FALSE | R259: FALSE | S259: FALSE | T259: FALSE | U259: FALSE | V259: TRUE | W259: 16 | X259: - | Y259: - | Z259: PAULO
A260: 45945 | B260: MS USINAGEM | C260: BN USI NE CPL 4" FN | D260: 04 | E260: 000006364 | F260: 112208-05 | G260: 258/25 | H260: N/A | I260: PC-NE-001 | J260: FN 65-45-12 | K260: =VLOOKUP(J260,DADOS!$A$3:$B$105,2,FALSE) -> EE-GI-001-008 | L260: IM-0319 | M260: FALSE | N260: TRUE | O260: TRUE | P260: TRUE | Q260: FALSE | R260: FALSE | S260: FALSE | T260: FALSE | U260: FALSE | V260: TRUE | W260: 04 | X260: - | Y260: - | Z260: CLEBER
A261: 45945 | B261: MS USINAGEM | C261: BN USI NP CPW 8" FN | D261: 06 | E261: 000006364 | F261: 114487-07 | G261: 245/25 | H261: N/A | I261: PC-NE-001 | J261: FN 65-45-12 | K261: =VLOOKUP(J261,DADOS!$A$3:$B$105,2,FALSE) -> EE-GI-001-008 | L261: IM-0319 | M261: FALSE | N261: TRUE | O261: TRUE | P261: TRUE | Q261: FALSE | R261: FALSE | S261: FALSE | T261: FALSE | U261: FALSE | V261: FALSE | W261: 06 | X261: - | Y261: - | Z261: CLEBER
...

Sheet DADOS
A1: ESPECIFICAÇÕES | D1: PLANOS DE CONTROLE
A2: - | B2: - | D2: -
A3: 17-4PH | B3: EE-GI-001-011 | D3: PC-DS-001
A4: 17-4PH - NACE | B4: EE-GI-001-064 | D4: PC-MR-001
A5: 1B CD4MCuN | B5: EE-GI-001-020 | D5: PC-MS7-001
A6: 304 Condição A | B6: EE-GI-001-023 | D6: PC-MSCOPASA-001
A7: 316 Condição A | B7: EE-GI-001-006 | D7: PC-NE-001
A8: 316 Condição B | B8: EE-GI-001-010 | D8: PC-NF-001
A9: 316 Condição S | B9: EE-GI-001-021 | D9: PC-NP-001
A10: 316/316L NACE | B10: EE-GI-001-065 | D10: PC-NT-001
A11: 316L Condição B | B11: EE-GI-001-052 | D11: PC-NW-001
A12: 410 Condição A | B12: EE-GI-001-007 | D12: PC-RFR-001
A13: 410 Condição T | B13: EE-GI-001-024 | D13: PC-RK-001
... A21: 6A CD3WCuN | B21: EE-GI-001-037 | D21: PC-WR-001
A22: Borracha Natural | B22: EE-GI-221-045
A23: Buna-N Branca | B23: EE-GI-221-040
A24: Buna-N CPF Série MS | B24: EE-GI-024-014
A25: C955 | B25: EE-GI-001-015
A26: C95800 | B26: EE-GI-001-031
A27: C95800 (SWS) | B27: EE-GI-021-008
A28: CA15 | B28: EE-GI-001-004
A29: CF3 | B29: EE-GI-001-013
A30: CF3M | B30: EE-GI-001-012
A31: CF3M (SWS) | B31: EE-GI-021-018
A32: CF8 | B32: EE-GI-001-003
A33: CF8M | B33: EE-GI-001-002
... A105: WCB (SWS) | B105: EE-GI-021-009
